"id","region","year","type","capacity_p_inst","capacity_p_max","capacity_p_min","cost_fix_p","cost_inv_p","cost_var_e","cb_coefficient","cv_coefficient","emi_ch4_f_pow","emi_n2o_f_pow","emi_nox_f_pow","lifetime","bandwidth_type","version","method","source","comment","conversion_factor_pri_landfill_gas","conversion_factor_sec_elec","conversion_factor_sec_heat_low","ef_pri_landfill_gas_emi_co2_f_pow"
1,"AT",2020,"pow_combustion_ic_chp_biogas_01",5.65,0.0,0.0,10315.5,1005100.0,7.935,0.86,1.0,0.0,0.0,0.0,0,"","v1","","","",2.32558139534884,1.0,1.16279069767442,"global_emission_factors.pri_landfill_gas"
2,"AT",2021,"pow_combustion_ic_chp_biogas_01",5.65,0.0,0.0,10315.5,1005100.0,7.935,0.86,1.0,0.0,0.0,0.0,0,"","v1","","","",2.32558139534884,1.0,1.16279069767442,"global_emission_factors.pri_landfill_gas"
3,"AT",2024,"pow_combustion_ic_chp_biogas_01",0.421,0.0,0.0,10315.5,1005100.0,7.935,0.86,1.0,0.0,0.0,0.0,0,"","v1","","","",2.32558139534884,1.0,1.16279069767442,"global_emission_factors.pri_landfill_gas"
4,"AT",2027,"pow_combustion_ic_chp_biogas_01",0.0,0.0,0.0,0.0,0.0,0.0,0.0,0.0,0.0,0.0,0.0,0,"","v1","","","",1.0,1.0,1.0,"global_emission_factors.pri_landfill_gas"
5,"AT",2030,"pow_combustion_ic_chp_biogas_01",0.0,0.0,0.0,0.0,0.0,0.0,0.0,0.0,0.0,0.0,0.0,0,"","v1","","","",1.0,1.0,1.0,"global_emission_factors.pri_landfill_gas"
6,"AT",2035,"pow_combustion_ic_chp_biogas_01",0.0,0.0,0.0,0.0,0.0,0.0,0.0,0.0,0.0,0.0,0.0,0,"","v1","","","",1.0,1.0,1.0,"global_emission_factors.pri_landfill_gas"
7,"AT",2040,"pow_combustion_ic_chp_biogas_01",0.0,0.0,0.0,0.0,0.0,0.0,0.0,0.0,0.0,0.0,0.0,0,"","v1","","","",1.0,1.0,1.0,"global_emission_factors.pri_landfill_gas"
8,"AT",2045,"pow_combustion_ic_chp_biogas_01",0.0,0.0,0.0,0.0,0.0,0.0,0.0,0.0,0.0,0.0,0.0,0,"","v1","","","",1.0,1.0,1.0,"global_emission_factors.pri_landfill_gas"
9,"AT",2050,"pow_combustion_ic_chp_biogas_01",0.0,0.0,0.0,0.0,0.0,0.0,0.0,0.0,0.0,0.0,0.0,0,"","v1","","","",1.0,1.0,1.0,"global_emission_factors.pri_landfill_gas"
10,"AT",2060,"pow_combustion_ic_chp_biogas_01",0.0,0.0,0.0,0.0,0.0,0.0,0.0,0.0,0.0,0.0,0.0,0,"","v1","","","",1.0,1.0,1.0,"global_emission_factors.pri_landfill_gas"
11,"AT",2070,"pow_combustion_ic_chp_biogas_01",0.0,0.0,0.0,0.0,0.0,0.0,0.0,0.0,0.0,0.0,0.0,0,"","v1","","","",1.0,1.0,1.0,"global_emission_factors.pri_landfill_gas"
12,"BE",2020,"pow_combustion_ic_chp_biogas_01",6.908,0.0,0.0,10315.5,1005100.0,7.935,0.86,1.0,0.0,0.0,0.0,0,"","v1","","","",2.32558139534884,1.0,1.16279069767442,"global_emission_factors.pri_landfill_gas"
13,"BE",2021,"pow_combustion_ic_chp_biogas_01",6.908,0.0,0.0,10315.5,1005100.0,7.935,0.86,1.0,0.0,0.0,0.0,0,"","v1","","","",2.32558139534884,1.0,1.16279069767442,"global_emission_factors.pri_landfill_gas"
14,"BE",2024,"pow_combustion_ic_chp_biogas_01",5.345,0.0,0.0,10315.5,1005100.0,7.935,0.86,1.0,0.0,0.0,0.0,0,"","v1","","","",2.32558139534884,1.0,1.16279069767442,"global_emission_factors.pri_landfill_gas"
15,"BE",2027,"pow_combustion_ic_chp_biogas_01",2.01,0.0,0.0,10315.5,1005100.0,7.935,0.86,1.0,0.0,0.0,0.0,0,"","v1","","","",2.32558139534884,1.0,1.16279069767442,"global_emission_factors.pri_landfill_gas"
16,"BE",2030,"pow_combustion_ic_chp_biogas_01",0.442,0.0,0.0,10315.5,1005100.0,7.935,0.86,1.0,0.0,0.0,0.0,0,"","v1","","","",2.32558139534884,1.0,1.16279069767442,"global_emission_factors.pri_landfill_gas"
17,"BE",2035,"pow_combustion_ic_chp_biogas_01",0.0,0.0,0.0,0.0,0.0,0.0,0.0,0.0,0.0,0.0,0.0,0,"","v1","","","",1.0,1.0,1.0,"global_emission_factors.pri_landfill_gas"
18,"BE",2040,"pow_combustion_ic_chp_biogas_01",0.0,0.0,0.0,0.0,0.0,0.0,0.0,0.0,0.0,0.0,0.0,0,"","v1","","","",1.0,1.0,1.0,"global_emission_factors.pri_landfill_gas"
19,"BE",2045,"pow_combustion_ic_chp_biogas_01",0.0,0.0,0.0,0.0,0.0,0.0,0.0,0.0,0.0,0.0,0.0,0,"","v1","","","",1.0,1.0,1.0,"global_emission_factors.pri_landfill_gas"
20,"BE",2050,"pow_combustion_ic_chp_biogas_01",0.0,0.0,0.0,0.0,0.0,0.0,0.0,0.0,0.0,0.0,0.0,0,"","v1","","","",1.0,1.0,1.0,"global_emission_factors.pri_landfill_gas"
21,"BE",2060,"pow_combustion_ic_chp_biogas_01",0.0,0.0,0.0,0.0,0.0,0.0,0.0,0.0,0.0,0.0,0.0,0,"","v1","","","",1.0,1.0,1.0,"global_emission_factors.pri_landfill_gas"
22,"BE",2070,"pow_combustion_ic_chp_biogas_01",0.0,0.0,0.0,0.0,0.0,0.0,0.0,0.0,0.0,0.0,0.0,0,"","v1","","","",1.0,1.0,1.0,"global_emission_factors.pri_landfill_gas"
23,"CH",2020,"pow_combustion_ic_chp_biogas_01",0.165,0.0,0.0,10315.5,1005100.0,7.935,0.86,1.0,0.0,0.0,0.0,0,"","v1","","","",2.32558139534884,1.0,1.16279069767442,"global_emission_factors.pri_landfill_gas"
24,"CH",2021,"pow_combustion_ic_chp_biogas_01",0.165,0.0,0.0,10315.5,1005100.0,7.935,0.86,1.0,0.0,0.0,0.0,0,"","v1","","","",2.32558139534884,1.0,1.16279069767442,"global_emission_factors.pri_landfill_gas"
25,"CH",2024,"pow_combustion_ic_chp_biogas_01",0.0,0.0,0.0,0.0,0.0,0.0,0.0,0.0,0.0,0.0,0.0,0,"","v1","","","",1.0,1.0,1.0,"global_emission_factors.pri_landfill_gas"
26,"CH",2027,"pow_combustion_ic_chp_biogas_01",0.0,0.0,0.0,0.0,0.0,0.0,0.0,0.0,0.0,0.0,0.0,0,"","v1","","","",1.0,1.0,1.0,"global_emission_factors.pri_landfill_gas"
27,"CH",2030,"pow_combustion_ic_chp_biogas_01",0.0,0.0,0.0,0.0,0.0,0.0,0.0,0.0,0.0,0.0,0.0,0,"","v1","","","",1.0,1.0,1.0,"global_emission_factors.pri_landfill_gas"
28,"CH",2035,"pow_combustion_ic_chp_biogas_01",0.0,0.0,0.0,0.0,0.0,0.0,0.0,0.0,0.0,0.0,0.0,0,"","v1","","","",1.0,1.0,1.0,"global_emission_factors.pri_landfill_gas"
29,"CH",2040,"pow_combustion_ic_chp_biogas_01",0.0,0.0,0.0,0.0,0.0,0.0,0.0,0.0,0.0,0.0,0.0,0,"","v1","","","",1.0,1.0,1.0,"global_emission_factors.pri_landfill_gas"
30,"CH",2045,"pow_combustion_ic_chp_biogas_01",0.0,0.0,0.0,0.0,0.0,0.0,0.0,0.0,0.0,0.0,0.0,0,"","v1","","","",1.0,1.0,1.0,"global_emission_factors.pri_landfill_gas"
31,"CH",2050,"pow_combustion_ic_chp_biogas_01",0.0,0.0,0.0,0.0,0.0,0.0,0.0,0.0,0.0,0.0,0.0,0,"","v1","","","",1.0,1.0,1.0,"global_emission_factors.pri_landfill_gas"
32,"CH",2060,"pow_combustion_ic_chp_biogas_01",0.0,0.0,0.0,0.0,0.0,0.0,0.0,0.0,0.0,0.0,0.0,0,"","v1","","","",1.0,1.0,1.0,"global_emission_factors.pri_landfill_gas"
33,"CH",2070,"pow_combustion_ic_chp_biogas_01",0.0,0.0,0.0,0.0,0.0,0.0,0.0,0.0,0.0,0.0,0.0,0,"","v1","","","",1.0,1.0,1.0,"global_emission_factors.pri_landfill_gas"
34,"CZ",2020,"pow_combustion_ic_chp_biogas_01",1.571,0.0,0.0,10315.5,1005100.0,7.935,0.86,1.0,0.0,0.0,0.0,0,"","v1","","","",2.32558139534884,1.0,1.16279069767442,"global_emission_factors.pri_landfill_gas"
35,"CZ",2021,"pow_combustion_ic_chp_biogas_01",1.571,0.0,0.0,10315.5,1005100.0,7.935,0.86,1.0,0.0,0.0,0.0,0,"","v1","","","",2.32558139534884,1.0,1.16279069767442,"global_emission_factors.pri_landfill_gas"
36,"CZ",2024,"pow_combustion_ic_chp_biogas_01",1.571,0.0,0.0,10315.5,1005100.0,7.935,0.86,1.0,0.0,0.0,0.0,0,"","v1","","","",2.32558139534884,1.0,1.16279069767442,"global_emission_factors.pri_landfill_gas"
37,"CZ",2027,"pow_combustion_ic_chp_biogas_01",1.571,0.0,0.0,10315.5,1005100.0,7.935,0.86,1.0,0.0,0.0,0.0,0,"","v1","","","",2.32558139534884,1.0,1.16279069767442,"global_emission_factors.pri_landfill_gas"
38,"CZ",2030,"pow_combustion_ic_chp_biogas_01",0.0,0.0,0.0,0.0,0.0,0.0,0.0,0.0,0.0,0.0,0.0,0,"","v1","","","",1.0,1.0,1.0,"global_emission_factors.pri_landfill_gas"
39,"CZ",2035,"pow_combustion_ic_chp_biogas_01",0.0,0.0,0.0,0.0,0.0,0.0,0.0,0.0,0.0,0.0,0.0,0,"","v1","","","",1.0,1.0,1.0,"global_emission_factors.pri_landfill_gas"
40,"CZ",2040,"pow_combustion_ic_chp_biogas_01",0.0,0.0,0.0,0.0,0.0,0.0,0.0,0.0,0.0,0.0,0.0,0,"","v1","","","",1.0,1.0,1.0,"global_emission_factors.pri_landfill_gas"
41,"CZ",2045,"pow_combustion_ic_chp_biogas_01",0.0,0.0,0.0,0.0,0.0,0.0,0.0,0.0,0.0,0.0,0.0,0,"","v1","","","",1.0,1.0,1.0,"global_emission_factors.pri_landfill_gas"
42,"CZ",2050,"pow_combustion_ic_chp_biogas_01",0.0,0.0,0.0,0.0,0.0,0.0,0.0,0.0,0.0,0.0,0.0,0,"","v1","","","",1.0,1.0,1.0,"global_emission_factors.pri_landfill_gas"
43,"CZ",2060,"pow_combustion_ic_chp_biogas_01",0.0,0.0,0.0,0.0,0.0,0.0,0.0,0.0,0.0,0.0,0.0,0,"","v1","","","",1.0,1.0,1.0,"global_emission_factors.pri_landfill_gas"
44,"CZ",2070,"pow_combustion_ic_chp_biogas_01",0.0,0.0,0.0,0.0,0.0,0.0,0.0,0.0,0.0,0.0,0.0,0,"","v1","","","",1.0,1.0,1.0,"global_emission_factors.pri_landfill_gas"
45,"DE",2020,"pow_combustion_gt_chp_biogas_01",0.369,0.0,0.0,30502.37674657,555181.777307993,2.70353722949251,0.0,0.0,0.0,0.0,0.0,0,"","v1","","","",2.66233766233766,1.0,1.0,"global_emission_factors.pri_landfill_gas"
46,"DE",2021,"pow_combustion_gt_chp_biogas_01",0.369,0.0,0.0,30502.37674657,555181.777307993,2.70353722949251,0.0,0.0,0.0,0.0,0.0,0,"","v1","","","",2.66233766233766,1.0,1.0,"global_emission_factors.pri_landfill_gas"
47,"DE",2024,"pow_combustion_gt_chp_biogas_01",0.039,0.0,0.0,30502.37674657,555181.777307993,2.70353722949251,0.0,0.0,0.0,0.0,0.0,0,"","v1","","","",2.66233766233766,1.0,1.0,"global_emission_factors.pri_landfill_gas"
48,"DE",2027,"pow_combustion_gt_chp_biogas_01",0.0,0.0,0.0,0.0,0.0,0.0,0.0,0.0,0.0,0.0,0.0,0,"","v1","","","",1.0,1.0,1.0,"global_emission_factors.pri_landfill_gas"
49,"DE",2030,"pow_combustion_gt_chp_biogas_01",0.0,0.0,0.0,0.0,0.0,0.0,0.0,0.0,0.0,0.0,0.0,0,"","v1","","","",1.0,1.0,1.0,"global_emission_factors.pri_landfill_gas"
50,"DE",2035,"pow_combustion_gt_chp_biogas_01",0.0,0.0,0.0,0.0,0.0,0.0,0.0,0.0,0.0,0.0,0.0,0,"","v1","","","",1.0,1.0,1.0,"global_emission_factors.pri_landfill_gas"
51,"DE",2040,"pow_combustion_gt_chp_biogas_01",0.0,0.0,0.0,0.0,0.0,0.0,0.0,0.0,0.0,0.0,0.0,0,"","v1","","","",1.0,1.0,1.0,"global_emission_factors.pri_landfill_gas"
52,"DE",2045,"pow_combustion_gt_chp_biogas_01",0.0,0.0,0.0,0.0,0.0,0.0,0.0,0.0,0.0,0.0,0.0,0,"","v1","","","",1.0,1.0,1.0,"global_emission_factors.pri_landfill_gas"
53,"DE",2050,"pow_combustion_gt_chp_biogas_01",0.0,0.0,0.0,0.0,0.0,0.0,0.0,0.0,0.0,0.0,0.0,0,"","v1","","","",1.0,1.0,1.0,"global_emission_factors.pri_landfill_gas"
54,"DE",2060,"pow_combustion_gt_chp_biogas_01",0.0,0.0,0.0,0.0,0.0,0.0,0.0,0.0,0.0,0.0,0.0,0,"","v1","","","",1.0,1.0,1.0,"global_emission_factors.pri_landfill_gas"
55,"DE",2070,"pow_combustion_gt_chp_biogas_01",0.0,0.0,0.0,0.0,0.0,0.0,0.0,0.0,0.0,0.0,0.0,0,"","v1","","","",1.0,1.0,1.0,"global_emission_factors.pri_landfill_gas"
56,"DE",2020,"pow_combustion_ic_chp_biogas_01",44.0609,0.0,0.0,10315.5,1005100.0,7.935,0.86,1.0,0.0,0.0,0.0,0,"","v1","","","",2.32558139534884,1.0,1.16279069767442,"global_emission_factors.pri_landfill_gas"
57,"DE",2021,"pow_combustion_ic_chp_biogas_01",43.7899,0.0,0.0,10315.5,1005100.0,7.935,0.86,1.0,0.0,0.0,0.0,0,"","v1","","","",2.32558139534884,1.0,1.16279069767442,"global_emission_factors.pri_landfill_gas"
58,"DE",2024,"pow_combustion_ic_chp_biogas_01",31.1439,0.0,0.0,10315.5,1005100.0,7.935,0.86,1.0,0.0,0.0,0.0,0,"","v1","","","",2.32558139534884,1.0,1.16279069767442,"global_emission_factors.pri_landfill_gas"
59,"DE",2027,"pow_combustion_ic_chp_biogas_01",29.4329,0.0,0.0,10315.5,1005100.0,7.935,0.86,1.0,0.0,0.0,0.0,0,"","v1","","","",2.32558139534884,1.0,1.16279069767442,"global_emission_factors.pri_landfill_gas"
60,"DE",2030,"pow_combustion_ic_chp_biogas_01",11.1459,0.0,0.0,10315.5,1005100.0,7.935,0.86,1.0,0.0,0.0,0.0,0,"","v1","","","",2.32558139534884,1.0,1.16279069767442,"global_emission_factors.pri_landfill_gas"
61,"DE",2035,"pow_combustion_ic_chp_biogas_01",5.8004,0.0,0.0,10315.5,1005100.0,7.935,0.86,1.0,0.0,0.0,0.0,0,"","v1","","","",2.32558139534884,1.0,1.16279069767442,"global_emission_factors.pri_landfill_gas"
62,"DE",2040,"pow_combustion_ic_chp_biogas_01",3.5244,0.0,0.0,10315.5,1005100.0,7.935,0.86,1.0,0.0,0.0,0.0,0,"","v1","","","",2.32558139534884,1.0,1.16279069767442,"global_emission_factors.pri_landfill_gas"
63,"DE",2045,"pow_combustion_ic_chp_biogas_01",3.3684,0.0,0.0,10315.5,1005100.0,7.935,0.86,1.0,0.0,0.0,0.0,0,"","v1","","","",2.32558139534884,1.0,1.16279069767442,"global_emission_factors.pri_landfill_gas"
64,"DE",2050,"pow_combustion_ic_chp_biogas_01",0.429,0.0,0.0,10315.5,1005100.0,7.935,0.86,1.0,0.0,0.0,0.0,0,"","v1","","","",2.32558139534884,1.0,1.16279069767442,"global_emission_factors.pri_landfill_gas"
65,"DE",2060,"pow_combustion_ic_chp_biogas_01",0.0,0.0,0.0,0.0,0.0,0.0,0.0,0.0,0.0,0.0,0.0,0,"","v1","","","",1.0,1.0,1.0,"global_emission_factors.pri_landfill_gas"
66,"DE",2070,"pow_combustion_ic_chp_biogas_01",0.0,0.0,0.0,0.0,0.0,0.0,0.0,0.0,0.0,0.0,0.0,0,"","v1","","","",1.0,1.0,1.0,"global_emission_factors.pri_landfill_gas"
67,"DK",2020,"pow_combustion_ic_chp_biogas_01",7.907,0.0,0.0,10315.5,1005100.0,7.935,0.86,1.0,0.0,0.0,0.0,0,"","v1","","","",2.32558139534884,1.0,1.16279069767442,"global_emission_factors.pri_landfill_gas"
68,"DK",2021,"pow_combustion_ic_chp_biogas_01",7.907,0.0,0.0,10315.5,1005100.0,7.935,0.86,1.0,0.0,0.0,0.0,0,"","v1","","","",2.32558139534884,1.0,1.16279069767442,"global_emission_factors.pri_landfill_gas"
69,"DK",2024,"pow_combustion_ic_chp_biogas_01",0.68,0.0,0.0,10315.5,1005100.0,7.935,0.86,1.0,0.0,0.0,0.0,0,"","v1","","","",2.32558139534884,1.0,1.16279069767442,"global_emission_factors.pri_landfill_gas"
70,"DK",2027,"pow_combustion_ic_chp_biogas_01",0.0,0.0,0.0,0.0,0.0,0.0,0.0,0.0,0.0,0.0,0.0,0,"","v1","","","",1.0,1.0,1.0,"global_emission_factors.pri_landfill_gas"
71,"DK",2030,"pow_combustion_ic_chp_biogas_01",0.0,0.0,0.0,0.0,0.0,0.0,0.0,0.0,0.0,0.0,0.0,0,"","v1","","","",1.0,1.0,1.0,"global_emission_factors.pri_landfill_gas"
72,"DK",2035,"pow_combustion_ic_chp_biogas_01",0.0,0.0,0.0,0.0,0.0,0.0,0.0,0.0,0.0,0.0,0.0,0,"","v1","","","",1.0,1.0,1.0,"global_emission_factors.pri_landfill_gas"
73,"DK",2040,"pow_combustion_ic_chp_biogas_01",0.0,0.0,0.0,0.0,0.0,0.0,0.0,0.0,0.0,0.0,0.0,0,"","v1","","","",1.0,1.0,1.0,"global_emission_factors.pri_landfill_gas"
74,"DK",2045,"pow_combustion_ic_chp_biogas_01",0.0,0.0,0.0,0.0,0.0,0.0,0.0,0.0,0.0,0.0,0.0,0,"","v1","","","",1.0,1.0,1.0,"global_emission_factors.pri_landfill_gas"
75,"DK",2050,"pow_combustion_ic_chp_biogas_01",0.0,0.0,0.0,0.0,0.0,0.0,0.0,0.0,0.0,0.0,0.0,0,"","v1","","","",1.0,1.0,1.0,"global_emission_factors.pri_landfill_gas"
76,"DK",2060,"pow_combustion_ic_chp_biogas_01",0.0,0.0,0.0,0.0,0.0,0.0,0.0,0.0,0.0,0.0,0.0,0,"","v1","","","",1.0,1.0,1.0,"global_emission_factors.pri_landfill_gas"
77,"DK",2070,"pow_combustion_ic_chp_biogas_01",0.0,0.0,0.0,0.0,0.0,0.0,0.0,0.0,0.0,0.0,0.0,0,"","v1","","","",1.0,1.0,1.0,"global_emission_factors.pri_landfill_gas"
78,"ES",2020,"pow_combustion_gt_chp_biogas_01",5.5,0.0,0.0,20631.0,772340.0,5.7132,0.0,0.0,0.0,0.0,0.0,0,"","v1","","","",2.7027027027027,1.0,1.0,"global_emission_factors.pri_landfill_gas"
79,"ES",2021,"pow_combustion_gt_chp_biogas_01",5.5,0.0,0.0,20631.0,772340.0,5.7132,0.0,0.0,0.0,0.0,0.0,0,"","v1","","","",2.7027027027027,1.0,1.0,"global_emission_factors.pri_landfill_gas"
80,"ES",2024,"pow_combustion_gt_chp_biogas_01",5.5,0.0,0.0,20631.0,772340.0,5.7132,0.0,0.0,0.0,0.0,0.0,0,"","v1","","","",2.7027027027027,1.0,1.0,"global_emission_factors.pri_landfill_gas"
81,"ES",2027,"pow_combustion_gt_chp_biogas_01",5.5,0.0,0.0,20631.0,772340.0,5.7132,0.0,0.0,0.0,0.0,0.0,0,"","v1","","","",2.7027027027027,1.0,1.0,"global_emission_factors.pri_landfill_gas"
82,"ES",2030,"pow_combustion_gt_chp_biogas_01",0.0,0.0,0.0,0.0,0.0,0.0,0.0,0.0,0.0,0.0,0.0,0,"","v1","","","",1.0,1.0,1.0,"global_emission_factors.pri_landfill_gas"
83,"ES",2035,"pow_combustion_gt_chp_biogas_01",0.0,0.0,0.0,0.0,0.0,0.0,0.0,0.0,0.0,0.0,0.0,0,"","v1","","","",1.0,1.0,1.0,"global_emission_factors.pri_landfill_gas"
84,"ES",2040,"pow_combustion_gt_chp_biogas_01",0.0,0.0,0.0,0.0,0.0,0.0,0.0,0.0,0.0,0.0,0.0,0,"","v1","","","",1.0,1.0,1.0,"global_emission_factors.pri_landfill_gas"
85,"ES",2045,"pow_combustion_gt_chp_biogas_01",0.0,0.0,0.0,0.0,0.0,0.0,0.0,0.0,0.0,0.0,0.0,0,"","v1","","","",1.0,1.0,1.0,"global_emission_factors.pri_landfill_gas"
86,"ES",2050,"pow_combustion_gt_chp_biogas_01",0.0,0.0,0.0,0.0,0.0,0.0,0.0,0.0,0.0,0.0,0.0,0,"","v1","","","",1.0,1.0,1.0,"global_emission_factors.pri_landfill_gas"
87,"ES",2060,"pow_combustion_gt_chp_biogas_01",0.0,0.0,0.0,0.0,0.0,0.0,0.0,0.0,0.0,0.0,0.0,0,"","v1","","","",1.0,1.0,1.0,"global_emission_factors.pri_landfill_gas"
88,"ES",2070,"pow_combustion_gt_chp_biogas_01",0.0,0.0,0.0,0.0,0.0,0.0,0.0,0.0,0.0,0.0,0.0,0,"","v1","","","",1.0,1.0,1.0,"global_emission_factors.pri_landfill_gas"
89,"ES",2020,"pow_combustion_ic_chp_biogas_01",35.92,0.0,0.0,10315.5,1005100.0,7.935,0.86,1.0,0.0,0.0,0.0,0,"","v1","","","",2.32558139534884,1.0,1.16279069767442,"global_emission_factors.pri_landfill_gas"
90,"ES",2021,"pow_combustion_ic_chp_biogas_01",35.92,0.0,0.0,10315.5,1005100.0,7.935,0.86,1.0,0.0,0.0,0.0,0,"","v1","","","",2.32558139534884,1.0,1.16279069767442,"global_emission_factors.pri_landfill_gas"
91,"ES",2024,"pow_combustion_ic_chp_biogas_01",17.429,0.0,0.0,10315.5,1005100.0,7.935,0.86,1.0,0.0,0.0,0.0,0,"","v1","","","",2.32558139534884,1.0,1.16279069767442,"global_emission_factors.pri_landfill_gas"
92,"ES",2027,"pow_combustion_ic_chp_biogas_01",14.454,0.0,0.0,10315.5,1005100.0,7.935,0.86,1.0,0.0,0.0,0.0,0,"","v1","","","",2.32558139534884,1.0,1.16279069767442,"global_emission_factors.pri_landfill_gas"
93,"ES",2030,"pow_combustion_ic_chp_biogas_01",1.255,0.0,0.0,10315.5,1005100.0,7.935,0.86,1.0,0.0,0.0,0.0,0,"","v1","","","",2.32558139534884,1.0,1.16279069767442,"global_emission_factors.pri_landfill_gas"
94,"ES",2035,"pow_combustion_ic_chp_biogas_01",0.0,0.0,0.0,0.0,0.0,0.0,0.0,0.0,0.0,0.0,0.0,0,"","v1","","","",1.0,1.0,1.0,"global_emission_factors.pri_landfill_gas"
95,"ES",2040,"pow_combustion_ic_chp_biogas_01",0.0,0.0,0.0,0.0,0.0,0.0,0.0,0.0,0.0,0.0,0.0,0,"","v1","","","",1.0,1.0,1.0,"global_emission_factors.pri_landfill_gas"
96,"ES",2045,"pow_combustion_ic_chp_biogas_01",0.0,0.0,0.0,0.0,0.0,0.0,0.0,0.0,0.0,0.0,0.0,0,"","v1","","","",1.0,1.0,1.0,"global_emission_factors.pri_landfill_gas"
97,"ES",2050,"pow_combustion_ic_chp_biogas_01",0.0,0.0,0.0,0.0,0.0,0.0,0.0,0.0,0.0,0.0,0.0,0,"","v1","","","",1.0,1.0,1.0,"global_emission_factors.pri_landfill_gas"
98,"ES",2060,"pow_combustion_ic_chp_biogas_01",0.0,0.0,0.0,0.0,0.0,0.0,0.0,0.0,0.0,0.0,0.0,0,"","v1","","","",1.0,1.0,1.0,"global_emission_factors.pri_landfill_gas"
99,"ES",2070,"pow_combustion_ic_chp_biogas_01",0.0,0.0,0.0,0.0,0.0,0.0,0.0,0.0,0.0,0.0,0.0,0,"","v1","","","",1.0,1.0,1.0,"global_emission_factors.pri_landfill_gas"
100,"FI",2020,"pow_combustion_gt_chp_biogas_01",0.6,0.0,0.0,20631.0,772340.0,5.7132,0.0,0.0,0.0,0.0,0.0,0,"","v1","","","",2.7027027027027,1.0,1.0,"global_emission_factors.pri_landfill_gas"
101,"FI",2021,"pow_combustion_gt_chp_biogas_01",0.6,0.0,0.0,20631.0,772340.0,5.7132,0.0,0.0,0.0,0.0,0.0,0,"","v1","","","",2.7027027027027,1.0,1.0,"global_emission_factors.pri_landfill_gas"
102,"FI",2024,"pow_combustion_gt_chp_biogas_01",0.6,0.0,0.0,20631.0,772340.0,5.7132,0.0,0.0,0.0,0.0,0.0,0,"","v1","","","",2.7027027027027,1.0,1.0,"global_emission_factors.pri_landfill_gas"
103,"FI",2027,"pow_combustion_gt_chp_biogas_01",0.6,0.0,0.0,20631.0,772340.0,5.7132,0.0,0.0,0.0,0.0,0.0,0,"","v1","","","",2.7027027027027,1.0,1.0,"global_emission_factors.pri_landfill_gas"
104,"FI",2030,"pow_combustion_gt_chp_biogas_01",0.6,0.0,0.0,20631.0,772340.0,5.7132,0.0,0.0,0.0,0.0,0.0,0,"","v1","","","",2.7027027027027,1.0,1.0,"global_emission_factors.pri_landfill_gas"
105,"FI",2035,"pow_combustion_gt_chp_biogas_01",0.6,0.0,0.0,20631.0,772340.0,5.7132,0.0,0.0,0.0,0.0,0.0,0,"","v1","","","",2.7027027027027,1.0,1.0,"global_emission_factors.pri_landfill_gas"
106,"FI",2040,"pow_combustion_gt_chp_biogas_01",0.6,0.0,0.0,20631.0,772340.0,5.7132,0.0,0.0,0.0,0.0,0.0,0,"","v1","","","",2.7027027027027,1.0,1.0,"global_emission_factors.pri_landfill_gas"
107,"FI",2045,"pow_combustion_gt_chp_biogas_01",0.0,0.0,0.0,0.0,0.0,0.0,0.0,0.0,0.0,0.0,0.0,0,"","v1","","","",1.0,1.0,1.0,"global_emission_factors.pri_landfill_gas"
108,"FI",2050,"pow_combustion_gt_chp_biogas_01",0.0,0.0,0.0,0.0,0.0,0.0,0.0,0.0,0.0,0.0,0.0,0,"","v1","","","",1.0,1.0,1.0,"global_emission_factors.pri_landfill_gas"
109,"FI",2060,"pow_combustion_gt_chp_biogas_01",0.0,0.0,0.0,0.0,0.0,0.0,0.0,0.0,0.0,0.0,0.0,0,"","v1","","","",1.0,1.0,1.0,"global_emission_factors.pri_landfill_gas"
110,"FI",2070,"pow_combustion_gt_chp_biogas_01",0.0,0.0,0.0,0.0,0.0,0.0,0.0,0.0,0.0,0.0,0.0,0,"","v1","","","",1.0,1.0,1.0,"global_emission_factors.pri_landfill_gas"
111,"FI",2020,"pow_combustion_ic_chp_biogas_01",15.465,0.0,0.0,10315.5,1005100.0,7.935,0.86,1.0,0.0,0.0,0.0,0,"","v1","","","",2.32558139534884,1.0,1.16279069767442,"global_emission_factors.pri_landfill_gas"
112,"FI",2021,"pow_combustion_ic_chp_biogas_01",15.465,0.0,0.0,10315.5,1005100.0,7.935,0.86,1.0,0.0,0.0,0.0,0,"","v1","","","",2.32558139534884,1.0,1.16279069767442,"global_emission_factors.pri_landfill_gas"
113,"FI",2024,"pow_combustion_ic_chp_biogas_01",15.0,0.0,0.0,10315.5,1005100.0,7.935,0.86,1.0,0.0,0.0,0.0,0,"","v1","","","",2.32558139534884,1.0,1.16279069767442,"global_emission_factors.pri_landfill_gas"
114,"FI",2027,"pow_combustion_ic_chp_biogas_01",15.0,0.0,0.0,10315.5,1005100.0,7.935,0.86,1.0,0.0,0.0,0.0,0,"","v1","","","",2.32558139534884,1.0,1.16279069767442,"global_emission_factors.pri_landfill_gas"
115,"FI",2030,"pow_combustion_ic_chp_biogas_01",15.0,0.0,0.0,10315.5,1005100.0,7.935,0.86,1.0,0.0,0.0,0.0,0,"","v1","","","",2.32558139534884,1.0,1.16279069767442,"global_emission_factors.pri_landfill_gas"
116,"FI",2035,"pow_combustion_ic_chp_biogas_01",0.0,0.0,0.0,0.0,0.0,0.0,0.0,0.0,0.0,0.0,0.0,0,"","v1","","","",1.0,1.0,1.0,"global_emission_factors.pri_landfill_gas"
117,"FI",2040,"pow_combustion_ic_chp_biogas_01",0.0,0.0,0.0,0.0,0.0,0.0,0.0,0.0,0.0,0.0,0.0,0,"","v1","","","",1.0,1.0,1.0,"global_emission_factors.pri_landfill_gas"
118,"FI",2045,"pow_combustion_ic_chp_biogas_01",0.0,0.0,0.0,0.0,0.0,0.0,0.0,0.0,0.0,0.0,0.0,0,"","v1","","","",1.0,1.0,1.0,"global_emission_factors.pri_landfill_gas"
119,"FI",2050,"pow_combustion_ic_chp_biogas_01",0.0,0.0,0.0,0.0,0.0,0.0,0.0,0.0,0.0,0.0,0.0,0,"","v1","","","",1.0,1.0,1.0,"global_emission_factors.pri_landfill_gas"
120,"FI",2060,"pow_combustion_ic_chp_biogas_01",0.0,0.0,0.0,0.0,0.0,0.0,0.0,0.0,0.0,0.0,0.0,0,"","v1","","","",1.0,1.0,1.0,"global_emission_factors.pri_landfill_gas"
121,"FI",2070,"pow_combustion_ic_chp_biogas_01",0.0,0.0,0.0,0.0,0.0,0.0,0.0,0.0,0.0,0.0,0.0,0,"","v1","","","",1.0,1.0,1.0,"global_emission_factors.pri_landfill_gas"
122,"FR",2020,"pow_combustion_gt_chp_biogas_01",4.7,0.0,0.0,20631.0,772340.0,5.7132,0.0,0.0,0.0,0.0,0.0,0,"","v1","","","",2.7027027027027,1.0,1.0,"global_emission_factors.pri_landfill_gas"
123,"FR",2021,"pow_combustion_gt_chp_biogas_01",4.7,0.0,0.0,20631.0,772340.0,5.7132,0.0,0.0,0.0,0.0,0.0,0,"","v1","","","",2.7027027027027,1.0,1.0,"global_emission_factors.pri_landfill_gas"
124,"FR",2024,"pow_combustion_gt_chp_biogas_01",0.0,0.0,0.0,0.0,0.0,0.0,0.0,0.0,0.0,0.0,0.0,0,"","v1","","","",1.0,1.0,1.0,"global_emission_factors.pri_landfill_gas"
125,"FR",2027,"pow_combustion_gt_chp_biogas_01",0.0,0.0,0.0,0.0,0.0,0.0,0.0,0.0,0.0,0.0,0.0,0,"","v1","","","",1.0,1.0,1.0,"global_emission_factors.pri_landfill_gas"
126,"FR",2030,"pow_combustion_gt_chp_biogas_01",0.0,0.0,0.0,0.0,0.0,0.0,0.0,0.0,0.0,0.0,0.0,0,"","v1","","","",1.0,1.0,1.0,"global_emission_factors.pri_landfill_gas"
127,"FR",2035,"pow_combustion_gt_chp_biogas_01",0.0,0.0,0.0,0.0,0.0,0.0,0.0,0.0,0.0,0.0,0.0,0,"","v1","","","",1.0,1.0,1.0,"global_emission_factors.pri_landfill_gas"
128,"FR",2040,"pow_combustion_gt_chp_biogas_01",0.0,0.0,0.0,0.0,0.0,0.0,0.0,0.0,0.0,0.0,0.0,0,"","v1","","","",1.0,1.0,1.0,"global_emission_factors.pri_landfill_gas"
129,"FR",2045,"pow_combustion_gt_chp_biogas_01",0.0,0.0,0.0,0.0,0.0,0.0,0.0,0.0,0.0,0.0,0.0,0,"","v1","","","",1.0,1.0,1.0,"global_emission_factors.pri_landfill_gas"
130,"FR",2050,"pow_combustion_gt_chp_biogas_01",0.0,0.0,0.0,0.0,0.0,0.0,0.0,0.0,0.0,0.0,0.0,0,"","v1","","","",1.0,1.0,1.0,"global_emission_factors.pri_landfill_gas"
131,"FR",2060,"pow_combustion_gt_chp_biogas_01",0.0,0.0,0.0,0.0,0.0,0.0,0.0,0.0,0.0,0.0,0.0,0,"","v1","","","",1.0,1.0,1.0,"global_emission_factors.pri_landfill_gas"
132,"FR",2070,"pow_combustion_gt_chp_biogas_01",0.0,0.0,0.0,0.0,0.0,0.0,0.0,0.0,0.0,0.0,0.0,0,"","v1","","","",1.0,1.0,1.0,"global_emission_factors.pri_landfill_gas"
133,"FR",2020,"pow_combustion_ic_chp_biogas_01",1.4,0.0,0.0,10315.5,1005100.0,7.935,0.86,1.0,0.0,0.0,0.0,0,"","v1","","","",2.32558139534884,1.0,1.16279069767442,"global_emission_factors.pri_landfill_gas"
134,"FR",2021,"pow_combustion_ic_chp_biogas_01",1.4,0.0,0.0,10315.5,1005100.0,7.935,0.86,1.0,0.0,0.0,0.0,0,"","v1","","","",2.32558139534884,1.0,1.16279069767442,"global_emission_factors.pri_landfill_gas"
135,"FR",2024,"pow_combustion_ic_chp_biogas_01",0.0,0.0,0.0,0.0,0.0,0.0,0.0,0.0,0.0,0.0,0.0,0,"","v1","","","",1.0,1.0,1.0,"global_emission_factors.pri_landfill_gas"
136,"FR",2027,"pow_combustion_ic_chp_biogas_01",0.0,0.0,0.0,0.0,0.0,0.0,0.0,0.0,0.0,0.0,0.0,0,"","v1","","","",1.0,1.0,1.0,"global_emission_factors.pri_landfill_gas"
137,"FR",2030,"pow_combustion_ic_chp_biogas_01",0.0,0.0,0.0,0.0,0.0,0.0,0.0,0.0,0.0,0.0,0.0,0,"","v1","","","",1.0,1.0,1.0,"global_emission_factors.pri_landfill_gas"
138,"FR",2035,"pow_combustion_ic_chp_biogas_01",0.0,0.0,0.0,0.0,0.0,0.0,0.0,0.0,0.0,0.0,0.0,0,"","v1","","","",1.0,1.0,1.0,"global_emission_factors.pri_landfill_gas"
139,"FR",2040,"pow_combustion_ic_chp_biogas_01",0.0,0.0,0.0,0.0,0.0,0.0,0.0,0.0,0.0,0.0,0.0,0,"","v1","","","",1.0,1.0,1.0,"global_emission_factors.pri_landfill_gas"
140,"FR",2045,"pow_combustion_ic_chp_biogas_01",0.0,0.0,0.0,0.0,0.0,0.0,0.0,0.0,0.0,0.0,0.0,0,"","v1","","","",1.0,1.0,1.0,"global_emission_factors.pri_landfill_gas"
141,"FR",2050,"pow_combustion_ic_chp_biogas_01",0.0,0.0,0.0,0.0,0.0,0.0,0.0,0.0,0.0,0.0,0.0,0,"","v1","","","",1.0,1.0,1.0,"global_emission_factors.pri_landfill_gas"
142,"FR",2060,"pow_combustion_ic_chp_biogas_01",0.0,0.0,0.0,0.0,0.0,0.0,0.0,0.0,0.0,0.0,0.0,0,"","v1","","","",1.0,1.0,1.0,"global_emission_factors.pri_landfill_gas"
143,"FR",2070,"pow_combustion_ic_chp_biogas_01",0.0,0.0,0.0,0.0,0.0,0.0,0.0,0.0,0.0,0.0,0.0,0,"","v1","","","",1.0,1.0,1.0,"global_emission_factors.pri_landfill_gas"
144,"GB",2020,"pow_combustion_ic_chp_biogas_01",26.54,0.0,0.0,10315.5,1005100.0,7.935,0.86,1.0,0.0,0.0,0.0,0,"","v1","","","",2.32558139534884,1.0,1.16279069767442,"global_emission_factors.pri_landfill_gas"
145,"GB",2021,"pow_combustion_ic_chp_biogas_01",26.54,0.0,0.0,10315.5,1005100.0,7.935,0.86,1.0,0.0,0.0,0.0,0,"","v1","","","",2.32558139534884,1.0,1.16279069767442,"global_emission_factors.pri_landfill_gas"
146,"GB",2024,"pow_combustion_ic_chp_biogas_01",23.54,0.0,0.0,10315.5,1005100.0,7.935,0.86,1.0,0.0,0.0,0.0,0,"","v1","","","",2.32558139534884,1.0,1.16279069767442,"global_emission_factors.pri_landfill_gas"
147,"GB",2027,"pow_combustion_ic_chp_biogas_01",21.54,0.0,0.0,10315.5,1005100.0,7.935,0.86,1.0,0.0,0.0,0.0,0,"","v1","","","",2.32558139534884,1.0,1.16279069767442,"global_emission_factors.pri_landfill_gas"
148,"GB",2030,"pow_combustion_ic_chp_biogas_01",17.59,0.0,0.0,10315.5,1005100.0,7.935,0.86,1.0,0.0,0.0,0.0,0,"","v1","","","",2.32558139534884,1.0,1.16279069767442,"global_emission_factors.pri_landfill_gas"
149,"GB",2035,"pow_combustion_ic_chp_biogas_01",8.145,0.0,0.0,10315.5,1005100.0,7.935,0.86,1.0,0.0,0.0,0.0,0,"","v1","","","",2.32558139534884,1.0,1.16279069767442,"global_emission_factors.pri_landfill_gas"
150,"GB",2040,"pow_combustion_ic_chp_biogas_01",0.0,0.0,0.0,0.0,0.0,0.0,0.0,0.0,0.0,0.0,0.0,0,"","v1","","","",1.0,1.0,1.0,"global_emission_factors.pri_landfill_gas"
151,"GB",2045,"pow_combustion_ic_chp_biogas_01",0.0,0.0,0.0,0.0,0.0,0.0,0.0,0.0,0.0,0.0,0.0,0,"","v1","","","",1.0,1.0,1.0,"global_emission_factors.pri_landfill_gas"
152,"GB",2050,"pow_combustion_ic_chp_biogas_01",0.0,0.0,0.0,0.0,0.0,0.0,0.0,0.0,0.0,0.0,0.0,0,"","v1","","","",1.0,1.0,1.0,"global_emission_factors.pri_landfill_gas"
153,"GB",2060,"pow_combustion_ic_chp_biogas_01",0.0,0.0,0.0,0.0,0.0,0.0,0.0,0.0,0.0,0.0,0.0,0,"","v1","","","",1.0,1.0,1.0,"global_emission_factors.pri_landfill_gas"
154,"GB",2070,"pow_combustion_ic_chp_biogas_01",0.0,0.0,0.0,0.0,0.0,0.0,0.0,0.0,0.0,0.0,0.0,0,"","v1","","","",1.0,1.0,1.0,"global_emission_factors.pri_landfill_gas"
155,"GR",2020,"pow_combustion_ic_chp_biogas_01",28.53,0.0,0.0,10315.5,1005100.0,7.935,0.86,1.0,0.0,0.0,0.0,0,"","v1","","","",2.32558139534884,1.0,1.16279069767442,"global_emission_factors.pri_landfill_gas"
156,"GR",2021,"pow_combustion_ic_chp_biogas_01",28.53,0.0,0.0,10315.5,1005100.0,7.935,0.86,1.0,0.0,0.0,0.0,0,"","v1","","","",2.32558139534884,1.0,1.16279069767442,"global_emission_factors.pri_landfill_gas"
157,"GR",2024,"pow_combustion_ic_chp_biogas_01",28.53,0.0,0.0,10315.5,1005100.0,7.935,0.86,1.0,0.0,0.0,0.0,0,"","v1","","","",2.32558139534884,1.0,1.16279069767442,"global_emission_factors.pri_landfill_gas"
158,"GR",2027,"pow_combustion_ic_chp_biogas_01",14.78,0.0,0.0,10315.5,1005100.0,7.935,0.86,1.0,0.0,0.0,0.0,0,"","v1","","","",2.32558139534884,1.0,1.16279069767442,"global_emission_factors.pri_landfill_gas"
159,"GR",2030,"pow_combustion_ic_chp_biogas_01",9.732,0.0,0.0,10315.5,1005100.0,7.935,0.86,1.0,0.0,0.0,0.0,0,"","v1","","","",2.32558139534884,1.0,1.16279069767442,"global_emission_factors.pri_landfill_gas"
160,"GR",2035,"pow_combustion_ic_chp_biogas_01",0.0,0.0,0.0,0.0,0.0,0.0,0.0,0.0,0.0,0.0,0.0,0,"","v1","","","",1.0,1.0,1.0,"global_emission_factors.pri_landfill_gas"
161,"GR",2040,"pow_combustion_ic_chp_biogas_01",0.0,0.0,0.0,0.0,0.0,0.0,0.0,0.0,0.0,0.0,0.0,0,"","v1","","","",1.0,1.0,1.0,"global_emission_factors.pri_landfill_gas"
162,"GR",2045,"pow_combustion_ic_chp_biogas_01",0.0,0.0,0.0,0.0,0.0,0.0,0.0,0.0,0.0,0.0,0.0,0,"","v1","","","",1.0,1.0,1.0,"global_emission_factors.pri_landfill_gas"
163,"GR",2050,"pow_combustion_ic_chp_biogas_01",0.0,0.0,0.0,0.0,0.0,0.0,0.0,0.0,0.0,0.0,0.0,0,"","v1","","","",1.0,1.0,1.0,"global_emission_factors.pri_landfill_gas"
164,"GR",2060,"pow_combustion_ic_chp_biogas_01",0.0,0.0,0.0,0.0,0.0,0.0,0.0,0.0,0.0,0.0,0.0,0,"","v1","","","",1.0,1.0,1.0,"global_emission_factors.pri_landfill_gas"
165,"GR",2070,"pow_combustion_ic_chp_biogas_01",0.0,0.0,0.0,0.0,0.0,0.0,0.0,0.0,0.0,0.0,0.0,0,"","v1","","","",1.0,1.0,1.0,"global_emission_factors.pri_landfill_gas"
166,"HU",2020,"pow_combustion_ic_chp_biogas_01",2.325,0.0,0.0,10315.5,1005100.0,7.935,0.86,1.0,0.0,0.0,0.0,0,"","v1","","","",2.32558139534884,1.0,1.16279069767442,"global_emission_factors.pri_landfill_gas"
167,"HU",2021,"pow_combustion_ic_chp_biogas_01",2.325,0.0,0.0,10315.5,1005100.0,7.935,0.86,1.0,0.0,0.0,0.0,0,"","v1","","","",2.32558139534884,1.0,1.16279069767442,"global_emission_factors.pri_landfill_gas"
168,"HU",2024,"pow_combustion_ic_chp_biogas_01",2.325,0.0,0.0,10315.5,1005100.0,7.935,0.86,1.0,0.0,0.0,0.0,0,"","v1","","","",2.32558139534884,1.0,1.16279069767442,"global_emission_factors.pri_landfill_gas"
169,"HU",2027,"pow_combustion_ic_chp_biogas_01",2.325,0.0,0.0,10315.5,1005100.0,7.935,0.86,1.0,0.0,0.0,0.0,0,"","v1","","","",2.32558139534884,1.0,1.16279069767442,"global_emission_factors.pri_landfill_gas"
170,"HU",2030,"pow_combustion_ic_chp_biogas_01",1.775,0.0,0.0,10315.5,1005100.0,7.935,0.86,1.0,0.0,0.0,0.0,0,"","v1","","","",2.32558139534884,1.0,1.16279069767442,"global_emission_factors.pri_landfill_gas"
171,"HU",2035,"pow_combustion_ic_chp_biogas_01",0.0,0.0,0.0,0.0,0.0,0.0,0.0,0.0,0.0,0.0,0.0,0,"","v1","","","",1.0,1.0,1.0,"global_emission_factors.pri_landfill_gas"
172,"HU",2040,"pow_combustion_ic_chp_biogas_01",0.0,0.0,0.0,0.0,0.0,0.0,0.0,0.0,0.0,0.0,0.0,0,"","v1","","","",1.0,1.0,1.0,"global_emission_factors.pri_landfill_gas"
173,"HU",2045,"pow_combustion_ic_chp_biogas_01",0.0,0.0,0.0,0.0,0.0,0.0,0.0,0.0,0.0,0.0,0.0,0,"","v1","","","",1.0,1.0,1.0,"global_emission_factors.pri_landfill_gas"
174,"HU",2050,"pow_combustion_ic_chp_biogas_01",0.0,0.0,0.0,0.0,0.0,0.0,0.0,0.0,0.0,0.0,0.0,0,"","v1","","","",1.0,1.0,1.0,"global_emission_factors.pri_landfill_gas"
175,"HU",2060,"pow_combustion_ic_chp_biogas_01",0.0,0.0,0.0,0.0,0.0,0.0,0.0,0.0,0.0,0.0,0.0,0,"","v1","","","",1.0,1.0,1.0,"global_emission_factors.pri_landfill_gas"
176,"HU",2070,"pow_combustion_ic_chp_biogas_01",0.0,0.0,0.0,0.0,0.0,0.0,0.0,0.0,0.0,0.0,0.0,0,"","v1","","","",1.0,1.0,1.0,"global_emission_factors.pri_landfill_gas"
177,"IE",2020,"pow_combustion_ic_chp_biogas_01",10.765,0.0,0.0,10315.5,1005100.0,7.935,0.86,1.0,0.0,0.0,0.0,0,"","v1","","","",2.32558139534884,1.0,1.16279069767442,"global_emission_factors.pri_landfill_gas"
178,"IE",2021,"pow_combustion_ic_chp_biogas_01",10.765,0.0,0.0,10315.5,1005100.0,7.935,0.86,1.0,0.0,0.0,0.0,0,"","v1","","","",2.32558139534884,1.0,1.16279069767442,"global_emission_factors.pri_landfill_gas"
179,"IE",2024,"pow_combustion_ic_chp_biogas_01",10.765,0.0,0.0,10315.5,1005100.0,7.935,0.86,1.0,0.0,0.0,0.0,0,"","v1","","","",2.32558139534884,1.0,1.16279069767442,"global_emission_factors.pri_landfill_gas"
180,"IE",2027,"pow_combustion_ic_chp_biogas_01",10.765,0.0,0.0,10315.5,1005100.0,7.935,0.86,1.0,0.0,0.0,0.0,0,"","v1","","","",2.32558139534884,1.0,1.16279069767442,"global_emission_factors.pri_landfill_gas"
181,"IE",2030,"pow_combustion_ic_chp_biogas_01",7.0,0.0,0.0,10315.5,1005100.0,7.935,0.86,1.0,0.0,0.0,0.0,0,"","v1","","","",2.32558139534884,1.0,1.16279069767442,"global_emission_factors.pri_landfill_gas"
182,"IE",2035,"pow_combustion_ic_chp_biogas_01",7.0,0.0,0.0,10315.5,1005100.0,7.935,0.86,1.0,0.0,0.0,0.0,0,"","v1","","","",2.32558139534884,1.0,1.16279069767442,"global_emission_factors.pri_landfill_gas"
183,"IE",2040,"pow_combustion_ic_chp_biogas_01",0.0,0.0,0.0,0.0,0.0,0.0,0.0,0.0,0.0,0.0,0.0,0,"","v1","","","",1.0,1.0,1.0,"global_emission_factors.pri_landfill_gas"
184,"IE",2045,"pow_combustion_ic_chp_biogas_01",0.0,0.0,0.0,0.0,0.0,0.0,0.0,0.0,0.0,0.0,0.0,0,"","v1","","","",1.0,1.0,1.0,"global_emission_factors.pri_landfill_gas"
185,"IE",2050,"pow_combustion_ic_chp_biogas_01",0.0,0.0,0.0,0.0,0.0,0.0,0.0,0.0,0.0,0.0,0.0,0,"","v1","","","",1.0,1.0,1.0,"global_emission_factors.pri_landfill_gas"
186,"IE",2060,"pow_combustion_ic_chp_biogas_01",0.0,0.0,0.0,0.0,0.0,0.0,0.0,0.0,0.0,0.0,0.0,0,"","v1","","","",1.0,1.0,1.0,"global_emission_factors.pri_landfill_gas"
187,"IE",2070,"pow_combustion_ic_chp_biogas_01",0.0,0.0,0.0,0.0,0.0,0.0,0.0,0.0,0.0,0.0,0.0,0,"","v1","","","",1.0,1.0,1.0,"global_emission_factors.pri_landfill_gas"
188,"IT",2020,"pow_combustion_gt_chp_biogas_01",4.8,0.0,0.0,20631.0,772340.0,5.7132,0.0,0.0,0.0,0.0,0.0,0,"","v1","","","",2.7027027027027,1.0,1.0,"global_emission_factors.pri_landfill_gas"
189,"IT",2021,"pow_combustion_gt_chp_biogas_01",4.8,0.0,0.0,20631.0,772340.0,5.7132,0.0,0.0,0.0,0.0,0.0,0,"","v1","","","",2.7027027027027,1.0,1.0,"global_emission_factors.pri_landfill_gas"
190,"IT",2024,"pow_combustion_gt_chp_biogas_01",0.0,0.0,0.0,0.0,0.0,0.0,0.0,0.0,0.0,0.0,0.0,0,"","v1","","","",1.0,1.0,1.0,"global_emission_factors.pri_landfill_gas"
191,"IT",2027,"pow_combustion_gt_chp_biogas_01",0.0,0.0,0.0,0.0,0.0,0.0,0.0,0.0,0.0,0.0,0.0,0,"","v1","","","",1.0,1.0,1.0,"global_emission_factors.pri_landfill_gas"
192,"IT",2030,"pow_combustion_gt_chp_biogas_01",0.0,0.0,0.0,0.0,0.0,0.0,0.0,0.0,0.0,0.0,0.0,0,"","v1","","","",1.0,1.0,1.0,"global_emission_factors.pri_landfill_gas"
193,"IT",2035,"pow_combustion_gt_chp_biogas_01",0.0,0.0,0.0,0.0,0.0,0.0,0.0,0.0,0.0,0.0,0.0,0,"","v1","","","",1.0,1.0,1.0,"global_emission_factors.pri_landfill_gas"
194,"IT",2040,"pow_combustion_gt_chp_biogas_01",0.0,0.0,0.0,0.0,0.0,0.0,0.0,0.0,0.0,0.0,0.0,0,"","v1","","","",1.0,1.0,1.0,"global_emission_factors.pri_landfill_gas"
195,"IT",2045,"pow_combustion_gt_chp_biogas_01",0.0,0.0,0.0,0.0,0.0,0.0,0.0,0.0,0.0,0.0,0.0,0,"","v1","","","",1.0,1.0,1.0,"global_emission_factors.pri_landfill_gas"
196,"IT",2050,"pow_combustion_gt_chp_biogas_01",0.0,0.0,0.0,0.0,0.0,0.0,0.0,0.0,0.0,0.0,0.0,0,"","v1","","","",1.0,1.0,1.0,"global_emission_factors.pri_landfill_gas"
197,"IT",2060,"pow_combustion_gt_chp_biogas_01",0.0,0.0,0.0,0.0,0.0,0.0,0.0,0.0,0.0,0.0,0.0,0,"","v1","","","",1.0,1.0,1.0,"global_emission_factors.pri_landfill_gas"
198,"IT",2070,"pow_combustion_gt_chp_biogas_01",0.0,0.0,0.0,0.0,0.0,0.0,0.0,0.0,0.0,0.0,0.0,0,"","v1","","","",1.0,1.0,1.0,"global_emission_factors.pri_landfill_gas"
199,"IT",2020,"pow_combustion_ic_chp_biogas_01",10.151,0.0,0.0,10315.5,1005100.0,7.935,0.86,1.0,0.0,0.0,0.0,0,"","v1","","","",2.32558139534884,1.0,1.16279069767442,"global_emission_factors.pri_landfill_gas"
200,"IT",2021,"pow_combustion_ic_chp_biogas_01",10.151,0.0,0.0,10315.5,1005100.0,7.935,0.86,1.0,0.0,0.0,0.0,0,"","v1","","","",2.32558139534884,1.0,1.16279069767442,"global_emission_factors.pri_landfill_gas"
201,"IT",2024,"pow_combustion_ic_chp_biogas_01",8.65,0.0,0.0,10315.5,1005100.0,7.935,0.86,1.0,0.0,0.0,0.0,0,"","v1","","","",2.32558139534884,1.0,1.16279069767442,"global_emission_factors.pri_landfill_gas"
202,"IT",2027,"pow_combustion_ic_chp_biogas_01",3.2,0.0,0.0,10315.5,1005100.0,7.935,0.86,1.0,0.0,0.0,0.0,0,"","v1","","","",2.32558139534884,1.0,1.16279069767442,"global_emission_factors.pri_landfill_gas"
203,"IT",2030,"pow_combustion_ic_chp_biogas_01",0.65,0.0,0.0,10315.5,1005100.0,7.935,0.86,1.0,0.0,0.0,0.0,0,"","v1","","","",2.32558139534884,1.0,1.16279069767442,"global_emission_factors.pri_landfill_gas"
204,"IT",2035,"pow_combustion_ic_chp_biogas_01",0.0,0.0,0.0,0.0,0.0,0.0,0.0,0.0,0.0,0.0,0.0,0,"","v1","","","",1.0,1.0,1.0,"global_emission_factors.pri_landfill_gas"
205,"IT",2040,"pow_combustion_ic_chp_biogas_01",0.0,0.0,0.0,0.0,0.0,0.0,0.0,0.0,0.0,0.0,0.0,0,"","v1","","","",1.0,1.0,1.0,"global_emission_factors.pri_landfill_gas"
206,"IT",2045,"pow_combustion_ic_chp_biogas_01",0.0,0.0,0.0,0.0,0.0,0.0,0.0,0.0,0.0,0.0,0.0,0,"","v1","","","",1.0,1.0,1.0,"global_emission_factors.pri_landfill_gas"
207,"IT",2050,"pow_combustion_ic_chp_biogas_01",0.0,0.0,0.0,0.0,0.0,0.0,0.0,0.0,0.0,0.0,0.0,0,"","v1","","","",1.0,1.0,1.0,"global_emission_factors.pri_landfill_gas"
208,"IT",2060,"pow_combustion_ic_chp_biogas_01",0.0,0.0,0.0,0.0,0.0,0.0,0.0,0.0,0.0,0.0,0.0,0,"","v1","","","",1.0,1.0,1.0,"global_emission_factors.pri_landfill_gas"
209,"IT",2070,"pow_combustion_ic_chp_biogas_01",0.0,0.0,0.0,0.0,0.0,0.0,0.0,0.0,0.0,0.0,0.0,0,"","v1","","","",1.0,1.0,1.0,"global_emission_factors.pri_landfill_gas"
210,"LV",2020,"pow_combustion_ic_chp_biogas_01",5.03,0.0,0.0,10315.5,1005100.0,7.935,0.86,1.0,0.0,0.0,0.0,0,"","v1","","","",2.32558139534884,1.0,1.16279069767442,"global_emission_factors.pri_landfill_gas"
211,"LV",2021,"pow_combustion_ic_chp_biogas_01",5.03,0.0,0.0,10315.5,1005100.0,7.935,0.86,1.0,0.0,0.0,0.0,0,"","v1","","","",2.32558139534884,1.0,1.16279069767442,"global_emission_factors.pri_landfill_gas"
212,"LV",2024,"pow_combustion_ic_chp_biogas_01",5.03,0.0,0.0,10315.5,1005100.0,7.935,0.86,1.0,0.0,0.0,0.0,0,"","v1","","","",2.32558139534884,1.0,1.16279069767442,"global_emission_factors.pri_landfill_gas"
213,"LV",2027,"pow_combustion_ic_chp_biogas_01",0.0,0.0,0.0,0.0,0.0,0.0,0.0,0.0,0.0,0.0,0.0,0,"","v1","","","",1.0,1.0,1.0,"global_emission_factors.pri_landfill_gas"
214,"LV",2030,"pow_combustion_ic_chp_biogas_01",0.0,0.0,0.0,0.0,0.0,0.0,0.0,0.0,0.0,0.0,0.0,0,"","v1","","","",1.0,1.0,1.0,"global_emission_factors.pri_landfill_gas"
215,"LV",2035,"pow_combustion_ic_chp_biogas_01",0.0,0.0,0.0,0.0,0.0,0.0,0.0,0.0,0.0,0.0,0.0,0,"","v1","","","",1.0,1.0,1.0,"global_emission_factors.pri_landfill_gas"
216,"LV",2040,"pow_combustion_ic_chp_biogas_01",0.0,0.0,0.0,0.0,0.0,0.0,0.0,0.0,0.0,0.0,0.0,0,"","v1","","","",1.0,1.0,1.0,"global_emission_factors.pri_landfill_gas"
217,"LV",2045,"pow_combustion_ic_chp_biogas_01",0.0,0.0,0.0,0.0,0.0,0.0,0.0,0.0,0.0,0.0,0.0,0,"","v1","","","",1.0,1.0,1.0,"global_emission_factors.pri_landfill_gas"
218,"LV",2050,"pow_combustion_ic_chp_biogas_01",0.0,0.0,0.0,0.0,0.0,0.0,0.0,0.0,0.0,0.0,0.0,0,"","v1","","","",1.0,1.0,1.0,"global_emission_factors.pri_landfill_gas"
219,"LV",2060,"pow_combustion_ic_chp_biogas_01",0.0,0.0,0.0,0.0,0.0,0.0,0.0,0.0,0.0,0.0,0.0,0,"","v1","","","",1.0,1.0,1.0,"global_emission_factors.pri_landfill_gas"
220,"LV",2070,"pow_combustion_ic_chp_biogas_01",0.0,0.0,0.0,0.0,0.0,0.0,0.0,0.0,0.0,0.0,0.0,0,"","v1","","","",1.0,1.0,1.0,"global_emission_factors.pri_landfill_gas"
221,"NL",2020,"pow_combustion_ic_chp_biogas_01",7.9,0.0,0.0,10315.5,1005100.0,7.935,0.86,1.0,0.0,0.0,0.0,0,"","v1","","","",2.32558139534884,1.0,1.16279069767442,"global_emission_factors.pri_landfill_gas"
222,"NL",2021,"pow_combustion_ic_chp_biogas_01",7.9,0.0,0.0,10315.5,1005100.0,7.935,0.86,1.0,0.0,0.0,0.0,0,"","v1","","","",2.32558139534884,1.0,1.16279069767442,"global_emission_factors.pri_landfill_gas"
223,"NL",2024,"pow_combustion_ic_chp_biogas_01",4.225,0.0,0.0,10315.5,1005100.0,7.935,0.86,1.0,0.0,0.0,0.0,0,"","v1","","","",2.32558139534884,1.0,1.16279069767442,"global_emission_factors.pri_landfill_gas"
224,"NL",2027,"pow_combustion_ic_chp_biogas_01",0.625,0.0,0.0,10315.5,1005100.0,7.935,0.86,1.0,0.0,0.0,0.0,0,"","v1","","","",2.32558139534884,1.0,1.16279069767442,"global_emission_factors.pri_landfill_gas"
225,"NL",2030,"pow_combustion_ic_chp_biogas_01",0.0,0.0,0.0,0.0,0.0,0.0,0.0,0.0,0.0,0.0,0.0,0,"","v1","","","",1.0,1.0,1.0,"global_emission_factors.pri_landfill_gas"
226,"NL",2035,"pow_combustion_ic_chp_biogas_01",0.0,0.0,0.0,0.0,0.0,0.0,0.0,0.0,0.0,0.0,0.0,0,"","v1","","","",1.0,1.0,1.0,"global_emission_factors.pri_landfill_gas"
227,"NL",2040,"pow_combustion_ic_chp_biogas_01",0.0,0.0,0.0,0.0,0.0,0.0,0.0,0.0,0.0,0.0,0.0,0,"","v1","","","",1.0,1.0,1.0,"global_emission_factors.pri_landfill_gas"
228,"NL",2045,"pow_combustion_ic_chp_biogas_01",0.0,0.0,0.0,0.0,0.0,0.0,0.0,0.0,0.0,0.0,0.0,0,"","v1","","","",1.0,1.0,1.0,"global_emission_factors.pri_landfill_gas"
229,"NL",2050,"pow_combustion_ic_chp_biogas_01",0.0,0.0,0.0,0.0,0.0,0.0,0.0,0.0,0.0,0.0,0.0,0,"","v1","","","",1.0,1.0,1.0,"global_emission_factors.pri_landfill_gas"
230,"NL",2060,"pow_combustion_ic_chp_biogas_01",0.0,0.0,0.0,0.0,0.0,0.0,0.0,0.0,0.0,0.0,0.0,0,"","v1","","","",1.0,1.0,1.0,"global_emission_factors.pri_landfill_gas"
231,"NL",2070,"pow_combustion_ic_chp_biogas_01",0.0,0.0,0.0,0.0,0.0,0.0,0.0,0.0,0.0,0.0,0.0,0,"","v1","","","",1.0,1.0,1.0,"global_emission_factors.pri_landfill_gas"
232,"PL",2020,"pow_combustion_ic_chp_biogas_01",3.635,0.0,0.0,10315.5,1005100.0,7.935,0.86,1.0,0.0,0.0,0.0,0,"","v1","","","",2.32558139534884,1.0,1.16279069767442,"global_emission_factors.pri_landfill_gas"
233,"PL",2021,"pow_combustion_ic_chp_biogas_01",3.635,0.0,0.0,10315.5,1005100.0,7.935,0.86,1.0,0.0,0.0,0.0,0,"","v1","","","",2.32558139534884,1.0,1.16279069767442,"global_emission_factors.pri_landfill_gas"
234,"PL",2024,"pow_combustion_ic_chp_biogas_01",2.477,0.0,0.0,10315.5,1005100.0,7.935,0.86,1.0,0.0,0.0,0.0,0,"","v1","","","",2.32558139534884,1.0,1.16279069767442,"global_emission_factors.pri_landfill_gas"
235,"PL",2027,"pow_combustion_ic_chp_biogas_01",0.0,0.0,0.0,0.0,0.0,0.0,0.0,0.0,0.0,0.0,0.0,0,"","v1","","","",1.0,1.0,1.0,"global_emission_factors.pri_landfill_gas"
236,"PL",2030,"pow_combustion_ic_chp_biogas_01",0.0,0.0,0.0,0.0,0.0,0.0,0.0,0.0,0.0,0.0,0.0,0,"","v1","","","",1.0,1.0,1.0,"global_emission_factors.pri_landfill_gas"
237,"PL",2035,"pow_combustion_ic_chp_biogas_01",0.0,0.0,0.0,0.0,0.0,0.0,0.0,0.0,0.0,0.0,0.0,0,"","v1","","","",1.0,1.0,1.0,"global_emission_factors.pri_landfill_gas"
238,"PL",2040,"pow_combustion_ic_chp_biogas_01",0.0,0.0,0.0,0.0,0.0,0.0,0.0,0.0,0.0,0.0,0.0,0,"","v1","","","",1.0,1.0,1.0,"global_emission_factors.pri_landfill_gas"
239,"PL",2045,"pow_combustion_ic_chp_biogas_01",0.0,0.0,0.0,0.0,0.0,0.0,0.0,0.0,0.0,0.0,0.0,0,"","v1","","","",1.0,1.0,1.0,"global_emission_factors.pri_landfill_gas"
240,"PL",2050,"pow_combustion_ic_chp_biogas_01",0.0,0.0,0.0,0.0,0.0,0.0,0.0,0.0,0.0,0.0,0.0,0,"","v1","","","",1.0,1.0,1.0,"global_emission_factors.pri_landfill_gas"
241,"PL",2060,"pow_combustion_ic_chp_biogas_01",0.0,0.0,0.0,0.0,0.0,0.0,0.0,0.0,0.0,0.0,0.0,0,"","v1","","","",1.0,1.0,1.0,"global_emission_factors.pri_landfill_gas"
242,"PL",2070,"pow_combustion_ic_chp_biogas_01",0.0,0.0,0.0,0.0,0.0,0.0,0.0,0.0,0.0,0.0,0.0,0,"","v1","","","",1.0,1.0,1.0,"global_emission_factors.pri_landfill_gas"
243,"PT",2020,"pow_combustion_gt_chp_biogas_01",7.2,0.0,0.0,20631.0,772340.0,5.7132,0.0,0.0,0.0,0.0,0.0,0,"","v1","","","",2.7027027027027,1.0,1.0,"global_emission_factors.pri_landfill_gas"
244,"PT",2021,"pow_combustion_gt_chp_biogas_01",7.2,0.0,0.0,20631.0,772340.0,5.7132,0.0,0.0,0.0,0.0,0.0,0,"","v1","","","",2.7027027027027,1.0,1.0,"global_emission_factors.pri_landfill_gas"
245,"PT",2024,"pow_combustion_gt_chp_biogas_01",7.2,0.0,0.0,20631.0,772340.0,5.7132,0.0,0.0,0.0,0.0,0.0,0,"","v1","","","",2.7027027027027,1.0,1.0,"global_emission_factors.pri_landfill_gas"
246,"PT",2027,"pow_combustion_gt_chp_biogas_01",7.2,0.0,0.0,20631.0,772340.0,5.7132,0.0,0.0,0.0,0.0,0.0,0,"","v1","","","",2.7027027027027,1.0,1.0,"global_emission_factors.pri_landfill_gas"
247,"PT",2030,"pow_combustion_gt_chp_biogas_01",0.0,0.0,0.0,0.0,0.0,0.0,0.0,0.0,0.0,0.0,0.0,0,"","v1","","","",1.0,1.0,1.0,"global_emission_factors.pri_landfill_gas"
248,"PT",2035,"pow_combustion_gt_chp_biogas_01",0.0,0.0,0.0,0.0,0.0,0.0,0.0,0.0,0.0,0.0,0.0,0,"","v1","","","",1.0,1.0,1.0,"global_emission_factors.pri_landfill_gas"
249,"PT",2040,"pow_combustion_gt_chp_biogas_01",0.0,0.0,0.0,0.0,0.0,0.0,0.0,0.0,0.0,0.0,0.0,0,"","v1","","","",1.0,1.0,1.0,"global_emission_factors.pri_landfill_gas"
250,"PT",2045,"pow_combustion_gt_chp_biogas_01",0.0,0.0,0.0,0.0,0.0,0.0,0.0,0.0,0.0,0.0,0.0,0,"","v1","","","",1.0,1.0,1.0,"global_emission_factors.pri_landfill_gas"
251,"PT",2050,"pow_combustion_gt_chp_biogas_01",0.0,0.0,0.0,0.0,0.0,0.0,0.0,0.0,0.0,0.0,0.0,0,"","v1","","","",1.0,1.0,1.0,"global_emission_factors.pri_landfill_gas"
252,"PT",2060,"pow_combustion_gt_chp_biogas_01",0.0,0.0,0.0,0.0,0.0,0.0,0.0,0.0,0.0,0.0,0.0,0,"","v1","","","",1.0,1.0,1.0,"global_emission_factors.pri_landfill_gas"
253,"PT",2070,"pow_combustion_gt_chp_biogas_01",0.0,0.0,0.0,0.0,0.0,0.0,0.0,0.0,0.0,0.0,0.0,0,"","v1","","","",1.0,1.0,1.0,"global_emission_factors.pri_landfill_gas"
254,"PT",2020,"pow_combustion_ic_chp_biogas_01",1.706,0.0,0.0,10315.5,1005100.0,7.935,0.86,1.0,0.0,0.0,0.0,0,"","v1","","","",2.32558139534884,1.0,1.16279069767442,"global_emission_factors.pri_landfill_gas"
255,"PT",2021,"pow_combustion_ic_chp_biogas_01",1.706,0.0,0.0,10315.5,1005100.0,7.935,0.86,1.0,0.0,0.0,0.0,0,"","v1","","","",2.32558139534884,1.0,1.16279069767442,"global_emission_factors.pri_landfill_gas"
256,"PT",2024,"pow_combustion_ic_chp_biogas_01",1.706,0.0,0.0,10315.5,1005100.0,7.935,0.86,1.0,0.0,0.0,0.0,0,"","v1","","","",2.32558139534884,1.0,1.16279069767442,"global_emission_factors.pri_landfill_gas"
257,"PT",2027,"pow_combustion_ic_chp_biogas_01",1.706,0.0,0.0,10315.5,1005100.0,7.935,0.86,1.0,0.0,0.0,0.0,0,"","v1","","","",2.32558139534884,1.0,1.16279069767442,"global_emission_factors.pri_landfill_gas"
258,"PT",2030,"pow_combustion_ic_chp_biogas_01",1.706,0.0,0.0,10315.5,1005100.0,7.935,0.86,1.0,0.0,0.0,0.0,0,"","v1","","","",2.32558139534884,1.0,1.16279069767442,"global_emission_factors.pri_landfill_gas"
259,"PT",2035,"pow_combustion_ic_chp_biogas_01",0.0,0.0,0.0,0.0,0.0,0.0,0.0,0.0,0.0,0.0,0.0,0,"","v1","","","",1.0,1.0,1.0,"global_emission_factors.pri_landfill_gas"
260,"PT",2040,"pow_combustion_ic_chp_biogas_01",0.0,0.0,0.0,0.0,0.0,0.0,0.0,0.0,0.0,0.0,0.0,0,"","v1","","","",1.0,1.0,1.0,"global_emission_factors.pri_landfill_gas"
261,"PT",2045,"pow_combustion_ic_chp_biogas_01",0.0,0.0,0.0,0.0,0.0,0.0,0.0,0.0,0.0,0.0,0.0,0,"","v1","","","",1.0,1.0,1.0,"global_emission_factors.pri_landfill_gas"
262,"PT",2050,"pow_combustion_ic_chp_biogas_01",0.0,0.0,0.0,0.0,0.0,0.0,0.0,0.0,0.0,0.0,0.0,0,"","v1","","","",1.0,1.0,1.0,"global_emission_factors.pri_landfill_gas"
263,"PT",2060,"pow_combustion_ic_chp_biogas_01",0.0,0.0,0.0,0.0,0.0,0.0,0.0,0.0,0.0,0.0,0.0,0,"","v1","","","",1.0,1.0,1.0,"global_emission_factors.pri_landfill_gas"
264,"PT",2070,"pow_combustion_ic_chp_biogas_01",0.0,0.0,0.0,0.0,0.0,0.0,0.0,0.0,0.0,0.0,0.0,0,"","v1","","","",1.0,1.0,1.0,"global_emission_factors.pri_landfill_gas"
265,"RO",2020,"pow_combustion_ic_chp_biogas_01",1.85,0.0,0.0,10315.5,1005100.0,7.935,0.86,1.0,0.0,0.0,0.0,0,"","v1","","","",2.32558139534884,1.0,1.16279069767442,"global_emission_factors.pri_landfill_gas"
266,"RO",2021,"pow_combustion_ic_chp_biogas_01",1.85,0.0,0.0,10315.5,1005100.0,7.935,0.86,1.0,0.0,0.0,0.0,0,"","v1","","","",2.32558139534884,1.0,1.16279069767442,"global_emission_factors.pri_landfill_gas"
267,"RO",2024,"pow_combustion_ic_chp_biogas_01",1.85,0.0,0.0,10315.5,1005100.0,7.935,0.86,1.0,0.0,0.0,0.0,0,"","v1","","","",2.32558139534884,1.0,1.16279069767442,"global_emission_factors.pri_landfill_gas"
268,"RO",2027,"pow_combustion_ic_chp_biogas_01",1.85,0.0,0.0,10315.5,1005100.0,7.935,0.86,1.0,0.0,0.0,0.0,0,"","v1","","","",2.32558139534884,1.0,1.16279069767442,"global_emission_factors.pri_landfill_gas"
269,"RO",2030,"pow_combustion_ic_chp_biogas_01",1.85,0.0,0.0,10315.5,1005100.0,7.935,0.86,1.0,0.0,0.0,0.0,0,"","v1","","","",2.32558139534884,1.0,1.16279069767442,"global_emission_factors.pri_landfill_gas"
270,"RO",2035,"pow_combustion_ic_chp_biogas_01",0.0,0.0,0.0,0.0,0.0,0.0,0.0,0.0,0.0,0.0,0.0,0,"","v1","","","",1.0,1.0,1.0,"global_emission_factors.pri_landfill_gas"
271,"RO",2040,"pow_combustion_ic_chp_biogas_01",0.0,0.0,0.0,0.0,0.0,0.0,0.0,0.0,0.0,0.0,0.0,0,"","v1","","","",1.0,1.0,1.0,"global_emission_factors.pri_landfill_gas"
272,"RO",2045,"pow_combustion_ic_chp_biogas_01",0.0,0.0,0.0,0.0,0.0,0.0,0.0,0.0,0.0,0.0,0.0,0,"","v1","","","",1.0,1.0,1.0,"global_emission_factors.pri_landfill_gas"
273,"RO",2050,"pow_combustion_ic_chp_biogas_01",0.0,0.0,0.0,0.0,0.0,0.0,0.0,0.0,0.0,0.0,0.0,0,"","v1","","","",1.0,1.0,1.0,"global_emission_factors.pri_landfill_gas"
274,"RO",2060,"pow_combustion_ic_chp_biogas_01",0.0,0.0,0.0,0.0,0.0,0.0,0.0,0.0,0.0,0.0,0.0,0,"","v1","","","",1.0,1.0,1.0,"global_emission_factors.pri_landfill_gas"
275,"RO",2070,"pow_combustion_ic_chp_biogas_01",0.0,0.0,0.0,0.0,0.0,0.0,0.0,0.0,0.0,0.0,0.0,0,"","v1","","","",1.0,1.0,1.0,"global_emission_factors.pri_landfill_gas"
276,"SE",2020,"pow_combustion_ic_chp_biogas_01",0.422,0.0,0.0,10315.5,1005100.0,7.935,0.86,1.0,0.0,0.0,0.0,0,"","v1","","","",2.32558139534884,1.0,1.16279069767442,"global_emission_factors.pri_landfill_gas"
277,"SE",2021,"pow_combustion_ic_chp_biogas_01",0.422,0.0,0.0,10315.5,1005100.0,7.935,0.86,1.0,0.0,0.0,0.0,0,"","v1","","","",2.32558139534884,1.0,1.16279069767442,"global_emission_factors.pri_landfill_gas"
278,"SE",2024,"pow_combustion_ic_chp_biogas_01",0.0,0.0,0.0,0.0,0.0,0.0,0.0,0.0,0.0,0.0,0.0,0,"","v1","","","",1.0,1.0,1.0,"global_emission_factors.pri_landfill_gas"
279,"SE",2027,"pow_combustion_ic_chp_biogas_01",0.0,0.0,0.0,0.0,0.0,0.0,0.0,0.0,0.0,0.0,0.0,0,"","v1","","","",1.0,1.0,1.0,"global_emission_factors.pri_landfill_gas"
280,"SE",2030,"pow_combustion_ic_chp_biogas_01",0.0,0.0,0.0,0.0,0.0,0.0,0.0,0.0,0.0,0.0,0.0,0,"","v1","","","",1.0,1.0,1.0,"global_emission_factors.pri_landfill_gas"
281,"SE",2035,"pow_combustion_ic_chp_biogas_01",0.0,0.0,0.0,0.0,0.0,0.0,0.0,0.0,0.0,0.0,0.0,0,"","v1","","","",1.0,1.0,1.0,"global_emission_factors.pri_landfill_gas"
282,"SE",2040,"pow_combustion_ic_chp_biogas_01",0.0,0.0,0.0,0.0,0.0,0.0,0.0,0.0,0.0,0.0,0.0,0,"","v1","","","",1.0,1.0,1.0,"global_emission_factors.pri_landfill_gas"
283,"SE",2045,"pow_combustion_ic_chp_biogas_01",0.0,0.0,0.0,0.0,0.0,0.0,0.0,0.0,0.0,0.0,0.0,0,"","v1","","","",1.0,1.0,1.0,"global_emission_factors.pri_landfill_gas"
284,"SE",2050,"pow_combustion_ic_chp_biogas_01",0.0,0.0,0.0,0.0,0.0,0.0,0.0,0.0,0.0,0.0,0.0,0,"","v1","","","",1.0,1.0,1.0,"global_emission_factors.pri_landfill_gas"
285,"SE",2060,"pow_combustion_ic_chp_biogas_01",0.0,0.0,0.0,0.0,0.0,0.0,0.0,0.0,0.0,0.0,0.0,0,"","v1","","","",1.0,1.0,1.0,"global_emission_factors.pri_landfill_gas"
286,"SE",2070,"pow_combustion_ic_chp_biogas_01",0.0,0.0,0.0,0.0,0.0,0.0,0.0,0.0,0.0,0.0,0.0,0,"","v1","","","",1.0,1.0,1.0,"global_emission_factors.pri_landfill_gas"
287,"SI",2020,"pow_combustion_ic_chp_biogas_01",1.196,0.0,0.0,10315.5,1005100.0,7.935,0.86,1.0,0.0,0.0,0.0,0,"","v1","","","",2.32558139534884,1.0,1.16279069767442,"global_emission_factors.pri_landfill_gas"
288,"SI",2021,"pow_combustion_ic_chp_biogas_01",1.196,0.0,0.0,10315.5,1005100.0,7.935,0.86,1.0,0.0,0.0,0.0,0,"","v1","","","",2.32558139534884,1.0,1.16279069767442,"global_emission_factors.pri_landfill_gas"
289,"SI",2024,"pow_combustion_ic_chp_biogas_01",0.0,0.0,0.0,0.0,0.0,0.0,0.0,0.0,0.0,0.0,0.0,0,"","v1","","","",1.0,1.0,1.0,"global_emission_factors.pri_landfill_gas"
290,"SI",2027,"pow_combustion_ic_chp_biogas_01",0.0,0.0,0.0,0.0,0.0,0.0,0.0,0.0,0.0,0.0,0.0,0,"","v1","","","",1.0,1.0,1.0,"global_emission_factors.pri_landfill_gas"
291,"SI",2030,"pow_combustion_ic_chp_biogas_01",0.0,0.0,0.0,0.0,0.0,0.0,0.0,0.0,0.0,0.0,0.0,0,"","v1","","","",1.0,1.0,1.0,"global_emission_factors.pri_landfill_gas"
292,"SI",2035,"pow_combustion_ic_chp_biogas_01",0.0,0.0,0.0,0.0,0.0,0.0,0.0,0.0,0.0,0.0,0.0,0,"","v1","","","",1.0,1.0,1.0,"global_emission_factors.pri_landfill_gas"
293,"SI",2040,"pow_combustion_ic_chp_biogas_01",0.0,0.0,0.0,0.0,0.0,0.0,0.0,0.0,0.0,0.0,0.0,0,"","v1","","","",1.0,1.0,1.0,"global_emission_factors.pri_landfill_gas"
294,"SI",2045,"pow_combustion_ic_chp_biogas_01",0.0,0.0,0.0,0.0,0.0,0.0,0.0,0.0,0.0,0.0,0.0,0,"","v1","","","",1.0,1.0,1.0,"global_emission_factors.pri_landfill_gas"
295,"SI",2050,"pow_combustion_ic_chp_biogas_01",0.0,0.0,0.0,0.0,0.0,0.0,0.0,0.0,0.0,0.0,0.0,0,"","v1","","","",1.0,1.0,1.0,"global_emission_factors.pri_landfill_gas"
296,"SI",2060,"pow_combustion_ic_chp_biogas_01",0.0,0.0,0.0,0.0,0.0,0.0,0.0,0.0,0.0,0.0,0.0,0,"","v1","","","",1.0,1.0,1.0,"global_emission_factors.pri_landfill_gas"
297,"SI",2070,"pow_combustion_ic_chp_biogas_01",0.0,0.0,0.0,0.0,0.0,0.0,0.0,0.0,0.0,0.0,0.0,0,"","v1","","","",1.0,1.0,1.0,"global_emission_factors.pri_landfill_gas"
